{
  "$id": "ripplelogic://schemas/jwks.schema.json",
  "$schema": "https://json-schema.org/draft/2020-12/schema",
  "additionalProperties": false,
  "properties": {
    "keys": {
      "items": {
        "additionalProperties": true,
        "properties": {
          "alg": {
            "enum": [
              "EdDSA"
            ],
            "type": "string"
          },
          "crv": {
            "const": "Ed25519"
          },
          "kid": {
            "minLength": 1,
            "type": "string"
          },
          "kty": {
            "const": "OKP"
          },
          "use": {
            "enum": [
              "sig"
            ],
            "type": "string"
          },
          "x": {
            "description": "Public key (base64url)",
            "minLength": 32,
            "type": "string"
          }
        },
        "required": [
          "kty",
          "crv",
          "x",
          "kid"
        ],
        "type": "object"
      },
      "minItems": 1,
      "type": "array"
    }
  },
  "required": [
    "keys"
  ],
  "title": "JWKS for OperatorAuth (Ed25519)",
  "type": "object"
}