{
  "$id": "ripplelogic://schemas/operator_command_envelope.schema.json",
  "$schema": "https://json-schema.org/draft/2020-12/schema",
  "additionalProperties": false,
  "properties": {
    "args": {
      "description": "Command arguments (command-specific)",
      "type": "object"
    },
    "cmd": {
      "description": "Operator command",
      "enum": [
        "SET_MODE",
        "LOAD_POLICY_PACK",
        "RUN_EVAL_HARNESS",
        "EXPORT_EVIDENCE_PACK",
        "SET_CONFIG",
        "ROTATE_KEYS",
        "LOCKDOWN",
        "UNLOCKDOWN"
      ],
      "type": "string"
    },
    "kid": {
      "description": "Key identifier (matches a JWK in jwks.json)",
      "minLength": 1,
      "type": "string"
    },
    "nonce": {
      "description": "Replay-prevention nonce (base64url or hex)",
      "minLength": 16,
      "type": "string"
    },
    "sig": {
      "description": "Ed25519 signature over JCS-canonicalized unsigned envelope (base64url)",
      "minLength": 32,
      "type": "string"
    },
    "ts": {
      "description": "UTC timestamp (ISO 8601)",
      "format": "date-time",
      "type": "string"
    },
    "v": {
      "description": "Envelope schema version",
      "pattern": "^[0-9]+\\.[0-9]+(\\.[0-9]+)?$",
      "type": "string"
    }
  },
  "required": [
    "v",
    "kid",
    "ts",
    "nonce",
    "cmd",
    "args",
    "sig"
  ],
  "title": "Operator Command Envelope (OACE)",
  "type": "object"
}