{
  "$id": "ripplelogic://schemas/stewardship_profiles.schema.json",
  "$schema": "https://json-schema.org/draft/2020-12/schema",
  "additionalProperties": false,
  "properties": {
    "created_utc": {
      "format": "date-time",
      "type": "string"
    },
    "payload": {
      "type": "object"
    },
    "profile_id": {
      "minLength": 1,
      "type": "string"
    },
    "version": {
      "pattern": "^V[0-9]+(\\.[0-9]+)*$",
      "type": "string"
    }
  },
  "required": [
    "profile_id",
    "version",
    "created_utc",
    "payload"
  ],
  "title": "Stewardship Reference Profiles",
  "type": "object"
}