{
  "spec_version": "7.4.5",
  "created_utc": "2026-01-25T09:46:14Z",
  "artifacts": [
    {
      "path": "canon/Ripple_Logic_v7.4.5_Canon.docx",
      "sha256": "f23edbf4c5e8109b409879c61d9efef49ef09ec65e2560e36a7e6909da1d7e9e"
    },
    {
      "path": "canon/Ripple_Logic_v7.4.5_Canon.txt",
      "sha256": "4a9938f4918a209ff77137e7e1c9c6939467e0cf52b8794f36335a57c5885211"
    },
    {
      "path": "schemas/pcc.schema.json",
      "sha256": "c6927fbab22d54355a82ce3600124511dd91754371a2e9536516bd1582c1ab7b"
    },
    {
      "path": "schemas/registry.schema.json",
      "sha256": "4d97e7c89c988d6330a3f2fb988469a4d0a1f5e6e54e80e7e1eebd154f18af34"
    },
    {
      "path": "templates/PCC_Template.json",
      "sha256": "6e2831a29230153bf34590a4b76198e8f8162a577c4e1b83884449e87928fb12"
    },
    {
      "path": "templates/PCC_Template.md",
      "sha256": "81a46fe1a7bccd6f9b960eaff81f08d5eb70332bd72fc2e48c0ff44ace630508"
    },
    {
      "path": "test_vectors/tier1_minimal.json",
      "sha256": "f6f724c04deecd230402570b732b24e7ea55355d0e06b74a0fceaf19ab97e2e0"
    },
    {
      "path": "test_vectors/tier3_skeleton.json",
      "sha256": "30161d2af123b8f23356d9b4c10a4a4f418c828c38a03f4b590cd486059ecf0f"
    },
    {
      "path": "tooling/hash_files.py",
      "sha256": "337cddbc3ec854e75f26ad76c140b232a6bc1fdf3d4eefe02d1eb52b07fa976b"
    }
  ]
}