{
  "$schema": "https://json-schema.org/draft/2020-12/schema",
  "title": "Ripple_Logic PCC (Proof-Carrying Commitment) Schema",
  "type": "object",
  "required": [
    "spec_version",
    "decision_id",
    "tier",
    "timestamp_utc",
    "inputs",
    "outputs",
    "audit_flags",
    "artifacts"
  ],
  "properties": {
    "spec_version": {
      "type": "string",
      "description": "Ripple_Logic spec version used for the run (e.g., 7.4.5)"
    },
    "decision_id": {
      "type": "string"
    },
    "tier": {
      "type": "integer",
      "minimum": 1,
      "maximum": 4
    },
    "timestamp_utc": {
      "type": "string",
      "format": "date-time"
    },
    "inputs": {
      "type": "object",
      "description": "All user/model inputs required to replay scoring",
      "properties": {
        "options": {
          "type": "array",
          "items": {
            "type": "object"
          }
        },
        "weights": {
          "type": "object"
        },
        "kernel": {
          "type": "object"
        },
        "scenario_library": {
          "type": "object"
        }
      },
      "additionalProperties": true
    },
    "outputs": {
      "type": "object",
      "description": "Computed scores and selected action",
      "properties": {
        "selected_option_id": {
          "type": "string"
        },
        "rls": {
          "type": "number"
        },
        "trc": {
          "type": "number"
        },
        "uci": {
          "type": "number"
        },
        "containment": {
          "type": "object"
        }
      },
      "additionalProperties": true
    },
    "audit_flags": {
      "type": "array",
      "items": {
        "type": "string"
      }
    },
    "artifacts": {
      "type": "object",
      "description": "Hash pointers to referenced artifacts",
      "properties": {
        "canon_docx_sha256": {
          "type": "string",
          "pattern": "^[a-f0-9]{64}$"
        },
        "canon_txt_sha256": {
          "type": "string",
          "pattern": "^[a-f0-9]{64}$"
        },
        "sgp_dependency": {
          "type": "object"
        }
      },
      "additionalProperties": true
    }
  },
  "additionalProperties": true
}