{
  "$schema": "https://json-schema.org/draft/2020-12/schema",
  "title": "Ripple_Logic Registry Snapshot Schema",
  "type": "object",
  "required": [
    "spec_version",
    "created_utc",
    "artifacts"
  ],
  "properties": {
    "spec_version": {
      "type": "string"
    },
    "created_utc": {
      "type": "string",
      "format": "date-time"
    },
    "artifacts": {
      "type": "array",
      "items": {
        "type": "object",
        "required": [
          "path",
          "sha256"
        ],
        "properties": {
          "path": {
            "type": "string"
          },
          "sha256": {
            "type": "string",
            "pattern": "^[a-f0-9]{64}$"
          }
        }
      }
    }
  }
}