{
  "created_utc": "2026-02-14T00:00:00+00:00",
  "payload": {
    "Stw_req_predicate": "Stw_req := (AI_DEPLOYMENT == YES) OR (delegation_to_nonhuman_decider == TRUE) OR (automated_action_with_irreversible_effects == TRUE) OR (public_institution_context == TRUE) OR (affects_vulnerable_groups == TRUE)",
    "description": "Default Decision Boundary Definitions (DBD) for Stewardship applicability; conservative by default.",
    "notes": "This profile is a starting point. Operators may define stricter boundaries but must version and hash-bind the profile used."
  },
  "profile_id": "DBD_DEFAULT_V1",
  "version": "V1"
}