{
  "created_utc": "2026-02-14T00:00:00+00:00",
  "payload": {
    "conditions": {
      "S1_high_stakes": "Potential for significant harm or rights infringement if the system fails.",
      "S2_public_institution": "Deployment in government/public sector decision workflows.",
      "S3_vulnerable_people": "Impacts vulnerable populations or sensitive domains (health, legal, finance).",
      "S4_autonomy": "System can take actions beyond advisory output (tool use, automation).",
      "S5_scale": "Wide distribution or high volume, increasing tail-risk."
    },
    "description": "Reference taxonomy for Stewardship conditions (S1–S5) and proportional controls.",
    "mode_requirements": {
      "S1_high_stakes": "MODE_3",
      "S2_public_institution": "MODE_3",
      "S3_vulnerable_people": "MODE_3",
      "S4_autonomy": "MODE_2",
      "S5_scale": "MODE_2"
    },
    "notes": "These are conservative defaults. Operators may raise requirements but should not lower them without explicit governance justification."
  },
  "profile_id": "STEWARD_TAXONOMY_V1",
  "version": "V1"
}